{
    "loss": 1.2394722700119019,
    "accuracy": 0.7844827771186829
}